Name,Email,Phone Number
Holly Miller,ideguy@msn.com,(334) 727-7930
Natalia Matthams,symbolic@comcast.net,(879) 477-6024
Wilbur Haney,crandall@aol.com,(449) 606-2105
Ollie Stevens,mglee@hotmail.com,(229) 571-2211
Liyana Cummings,unreal@live.com,(408) 415-0016
Minnie Gonzales,fmtbebuck@live.com,(771) 212-2033
Adam Aguirre,budinger@comcast.net,(426) 944-8197
Mustafa Taylor,hahiss@hotmail.com,(932) 359-6875
Aaliyah Burke,pereinar@gmail.com,(655) 679-1300
Rebekah Harrington,msherr@msn.com,(824) 894-5715